<?xml version="1.0"?>
<VUV_vijesti>
	<Admini>
		<Admin Ime="Njofra" Prezime="Kajić" Korisnicko_Ime="T" Lozinka="lozinka" ID="06"></Admin>
		<Admin Ime="Adam" Prezime="Stanić" Korisnicko_Ime="Adam93" Lozinka="lozinka" ID="05"></Admin>
		<Admin Ime="Maja" Prezime="Pčelić" Korisnicko_Ime="MP" Lozinka="lozinka" ID="13"></Admin>
		<Admin Ime="Ivek" Prezime="Burekić" Korisnicko_Ime="Burek10" Lozinka="lozinka" ID="60"></Admin>
		<Admin Ime="Klara" Prezime="Medvjedić" Korisnicko_Ime="Medolino" Lozinka="lozinka" ID="50"></Admin>
		<Admin Ime="Jaklina" Prezime="Miletić" Korisnicko_Ime="MiljenaA" Lozinka="lozinka" ID="31"></Admin>
	</Admini>
	<Citatelji>
		<Citatelj Ime="Ivan" Prezime="Bejić" Korisnicko_Ime="Franko01" Lozinka="lozinka" ID="00"></Citatelj>
		<Citatelj Ime="Jana" Prezime="Smijić" Korisnicko_Ime="OjJano" Lozinka="lozinka" ID="82"></Citatelj>
		<Citatelj Ime="Jakov" Prezime="Franić" Korisnicko_Ime="JOF" Lozinka="lozinka" ID="63"></Citatelj>
		<Citatelj Ime="Josip" Prezime="Štrosić" Korisnicko_Ime="ŠtrJos" Lozinka="lozinka" ID="99"></Citatelj>
		<Citatelj Ime="Jura" Prezime="Trpić" Korisnicko_Ime="Trapam112" Lozinka="lozinka" ID="28"></Citatelj>
		<Citatelj Ime="Jasna" Prezime="Pejić" Korisnicko_Ime="JasnoMiJe02" Lozinka="lozinka" ID="36"></Citatelj>
	</Citatelji>
	<Komentari>
		<Komentar Opis="Ove vijesti su koma!!" Datum="09.02.2021." ID="01">
			<Citatelj ID="00"></Citatelj>
		</Komentar>
		<Komentar Opis="Najbolje vijesti ikada!!!" Datum="10.03.2022." ID="05">
			<Citatelj ID="63"></Citatelj>
		</Komentar>
		<Komentar Opis="Bla" Datum="6.08.2022." ID="11">
			<Citatelj ID="82"></Citatelj>
		</Komentar>
		<Komentar Opis="Apsolutno bezveze" Datum="19.12.2021." ID="10">
			<Citatelj ID="99"></Citatelj>
		</Komentar>
		<Komentar Opis="Nemogu vjerovati!!!!" Datum="01.09.2022." ID="50">
			<Citatelj ID="28"></Citatelj>
		</Komentar>
		<Komentar Opis="Ovo je tako glupo" Datum="16.02.2022." ID="22">
			<Citatelj ID="36"></Citatelj>
		</Komentar>
	</Komentari>
	<Novinari>
		<Novinar Ime="Jan" Prezime="Dorić" Korisnicko_Ime="JankoD" Lozinka="lozinka" ID="02"></Novinar>
		<Novinar Ime="Keksnija" Prezime="Morić" Korisnicko_Ime="KeksiVijest" Lozinka="lozinka" ID="07"></Novinar>
		<Novinar Ime="Petar" Prezime="Gorić" Korisnicko_Ime="Petarda" Lozinka="lozinka" ID="18"></Novinar>
		<Novinar Ime="Najko" Prezime="Ćirod" Korisnicko_Ime="Najjjjjj012" Lozinka="lozinka" ID="20"></Novinar>
		<Novinar Ime="Ajinsa" Prezime="Ćirom" Korisnicko_Ime="AjdeWOWOW" Lozinka="lozinka" ID="70"></Novinar>
		<Novinar Ime="Ratepar" Prezime="Ćirog" Korisnicko_Ime="Ritkopar" Lozinka="lozinka" ID="81"></Novinar>
	</Novinari>
	<Vijesti>
		<Vijest Naziv="Najbolje vijesti ikada!" Opis="Super je sve na svijetu i ove vijesti su odlične i totalno nisu izmišljene gdje sam morao ih produljiti da ima nekakvog smisla da ih se može ažurirati!" Datum="15.03.2020." ID="101">
			<Novinar ID ="02"></Novinar>
			<Citatelji>
				<Citatelj ID="00"></Citatelj>
				<Citatelj ID="82"></Citatelj>
				<Citatelj ID="63"></Citatelj>
				<Citatelj ID="99"></Citatelj>
				<Citatelj ID="28"></Citatelj>
				<Citatelj ID="36"></Citatelj>
			</Citatelji>
			<Komentari>
				<Komentar ID="01"></Komentar>
				<Komentar ID="05"></Komentar>
			</Komentari>
		</Vijest>
		<Vijest Naziv="Ovo će vas šokirati" Opis="Ajme meni ja stvarno nemogu vjerovati da se ovo dogodilo da su ove vijesti isto jako produljene zbog zadatka za obranu!" Datum="19.03.2020." ID="110">
			<Novinar ID ="07"></Novinar>
			<Citatelji>
				<Citatelj ID="82"></Citatelj>
			</Citatelji>
			<Komentari>
			</Komentari>
		</Vijest>
		<Vijest Naziv="Nesto se zbiva u..." Opis=":( Da to je moje lice ako opet nebudem uspio proći obranu iako sam se stvarno potrudio da uspijem što visše ovoga popraviti." Datum="23.03.2020." ID="111">
			<Novinar ID ="18"></Novinar>
			<Citatelji>
				<Citatelj ID="00"></Citatelj>
				<Citatelj ID="63"></Citatelj>
				<Citatelj ID="99"></Citatelj>
				<Citatelj ID="36"></Citatelj>
			</Citatelji>
			<Komentari>
				<Komentar ID="01"></Komentar>
				<Komentar ID="05"></Komentar>
				<Komentar ID="11"></Komentar>
			</Komentari>
		</Vijest>
		<Vijest Naziv="Nešto nemoguće se dogodilo u..." Opis="Okej ovo je stvarno da je teško izmišljati opise vijesti kada nemaš pojma o čemu da pišeš." Datum="30.06.2021." ID="202">
			<Novinar ID ="02"></Novinar>
			<Citatelji>
				<Citatelj ID="00"></Citatelj>
				<Citatelj ID="99"></Citatelj>
				<Citatelj ID="28"></Citatelj>
				<Citatelj ID="36"></Citatelj>
			</Citatelji>
			<Komentari>
				<Komentar ID="10"></Komentar>
				<Komentar ID="50"></Komentar>
			</Komentari>
		</Vijest>
		<Vijest Naziv="Ništa se danas nije dogodilo" Opis="Danas je najdosadniji dan u povijesti čovječanstva jer se ništa nije dogodilo možete li u to vjerovati jer ja nemogu!!" Datum="9.09.2020." ID="220">
			<Novinar ID ="70"></Novinar>
			<Citatelji>
				<Citatelj ID="82"></Citatelj>
				<Citatelj ID="00"></Citatelj>
				<Citatelj ID="99"></Citatelj>
				<Citatelj ID="28"></Citatelj>
				<Citatelj ID="36"></Citatelj>
			</Citatelji>
			<Komentari>
				<Komentar ID="01"></Komentar>
				<Komentar ID="05"></Komentar>
				<Komentar ID="11"></Komentar>
			</Komentari>
		</Vijest>
		<Vijest Naziv="Zadnje vijesti dana" Opis="Da ove vijesti su stvarno zadnje vijesti koje su napisane za ovaj 'projekt' jer nemam više ideja!" Datum="11.12.2021." ID="222">
			<Novinar ID ="81"></Novinar>
			<Citatelji>
				<Citatelj ID="99"></Citatelj>
				<Citatelj ID="36"></Citatelj>
			</Citatelji>
			<Komentari>
				<Komentar ID="01"></Komentar>
			</Komentari>
		</Vijest>
	</Vijesti>
</VUV_vijesti>

